time (hrs),atp (mM)
5.406741764607858,665.2174081522728
23.20766634503977,629.3463224096441
47.169877123028094,469.3078821838077
71.49076000821505,31.7015612466721
