time (hrs),glucose (mM)
0,1.8049294669089022
5.429141716566875,104.15124806566637
23.952095808383238,261.9372490973109
47.74451097804394,327.02056561035226
71.69660678642717,350.75197918769203
