time (hrs),isobutanol (mM)
0.0,2.7586206896551744
6.979865771812079,113.10344827586208
25.23489932885907,256.55172413793105
48.85906040268458,325.5172413793104
72.48322147651007,328.2758620689656
